{"is_source_file": true, "format": "Python", "description": "This source file generates an OpenAPI schema from a FastAPI application instance and writes it to a JSON file in the 'interfaces' directory.", "external_files": ["src/api/main"], "external_methods": ["src.api.main.app.openapi"], "published": [], "classes": [], "methods": [], "calls": ["app.openapi", "os.makedirs", "os.path.join", "json.dump"], "search-terms": ["generate_openapi", "app.openapi", "interfaces", "json.dump", "OpenAPI schema", "FastAPI"], "state": 2, "file_id": 4, "knowledge_revision": 9, "git_revision": "e61c81b091f8612ac671b4d8765eda2445f5325b", "ctags": [{"_type": "tag", "name": "openapi_schema", "path": "/home/kavia/workspace/code-generation/enterprise-integration-platform-239513-239522/enterprise_backend_api/src/api/generate_openapi.py", "pattern": "/^openapi_schema = app.openapi()$/", "language": "Python", "kind": "variable"}, {"_type": "tag", "name": "output_dir", "path": "/home/kavia/workspace/code-generation/enterprise-integration-platform-239513-239522/enterprise_backend_api/src/api/generate_openapi.py", "pattern": "/^output_dir = \"interfaces\"$/", "language": "Python", "kind": "variable"}, {"_type": "tag", "name": "output_path", "path": "/home/kavia/workspace/code-generation/enterprise-integration-platform-239513-239522/enterprise_backend_api/src/api/generate_openapi.py", "pattern": "/^output_path = os.path.join(output_dir, \"openapi.json\")$/", "language": "Python", "kind": "variable"}], "hash": "61e3715e79bc397fab3e70f503a41417", "format-version": 4, "code-base-name": "enterprise_backend_api", "filename": "enterprise_backend_api/src/api/generate_openapi.py", "fields": [{"name": "openapi_schema = app.openapi()", "scope": "", "scopeKind": "", "description": "unavailable"}, {"name": "output_dir = \"interfaces\"", "scope": "", "scopeKind": "", "description": "unavailable"}, {"name": "output_path = os.path.join(output_dir, \"openapi.json\")", "scope": "", "scopeKind": "", "description": "unavailable"}], "revision_history": [{"9": "e61c81b091f8612ac671b4d8765eda2445f5325b"}]}