{"is_source_file": true, "format": "Python", "description": "This file initializes a FastAPI application, configures CORS middleware to allow cross-origin requests from any origin, and defines a health check endpoint at '/' that returns a simple JSON message indicating server health.", "external_files": ["fastapi", "fastapi.middleware.cors"], "external_methods": ["FastAPI", "CORSMiddleware"], "published": ["app"], "classes": [], "methods": [{"name": "health_check()", "description": "Defines a GET endpoint at '/' that returns a JSON message indicating the server is healthy.", "scope": "", "scopeKind": ""}], "calls": ["app.add_middleware", "CORSMiddleware"], "search-terms": ["FastAPI initialization", "CORS configuration", "health check endpoint", "/home/kavia/workspace/code-generation/enterprise-integration-platform-239513-239522/enterprise_backend_api/src/api/main.py"], "state": 2, "file_id": 2, "knowledge_revision": 8, "git_revision": "e61c81b091f8612ac671b4d8765eda2445f5325b", "ctags": [{"_type": "tag", "name": "app", "path": "/home/kavia/workspace/code-generation/enterprise-integration-platform-239513-239522/enterprise_backend_api/src/api/main.py", "pattern": "/^app = FastAPI()$/", "language": "Python", "kind": "variable"}, {"_type": "tag", "name": "health_check", "path": "/home/kavia/workspace/code-generation/enterprise-integration-platform-239513-239522/enterprise_backend_api/src/api/main.py", "pattern": "/^def health_check():$/", "language": "Python", "kind": "function", "signature": "()"}], "hash": "58352bf5f133908bab16643199aa483d", "format-version": 4, "code-base-name": "enterprise_backend_api", "filename": "enterprise_backend_api/src/api/main.py", "fields": [{"name": "app = FastAPI()", "scope": "", "scopeKind": "", "description": "unavailable"}], "revision_history": [{"8": "e61c81b091f8612ac671b4d8765eda2445f5325b"}]}