{"is_source_file": true, "file_id": 3, "git_revision": "e61c81b091f8612ac671b4d8765eda2445f5325b", "state": 2, "description": "", "external_files": [], "external_methods": [], "published": [], "classes": [], "methods": [], "calls": [], "search-terms": [], "ctags": [], "hash": null, "format-version": 4, "code-base-name": "enterprise_backend_api", "filename": "enterprise_backend_api/src/api/__init__.py", "knowledge_revision": 6, "revision_history": [{"6": "e61c81b091f8612ac671b4d8765eda2445f5325b"}]}