{"is_source_file": false, "format": "", "description": "", "external_files": [], "external_methods": [], "published": [], "classes": [], "methods": [], "calls": [], "search-terms": [], "state": 2, "file_id": 1, "knowledge_revision": 7, "git_revision": "b9d15ebc1f791c7ccb2c74d9f22a976ef123f9b3", "hash": "f70cf35a5e3dadecb31ed19b087ab330", "format-version": 4, "code-base-name": "enterprise_backend_api", "filename": "README.md", "revision_history": [{"7": "b9d15ebc1f791c7ccb2c74d9f22a976ef123f9b3"}]}